0.0492133036016164,0.4918722274596440,0.0313580000000000,0.2222330000000000,0.5070310000000000,0.0027947347958010,0.9983750000000000,0.2886743062122320,0.9843910000000000,32.0000000000000000,no
0.0445653748933361,0.4918722274596440,0.0290740000000000,0.1920860000000000,0.4761470000000000,0.0087930433249027,0.9880460000000000,0.0313981988076211,0.5820470000000000,33.0000000000000000,no
0.1039127529745130,0.0246279662928496,0.0324630000000000,0.1836980000000000,0.3688000000000000,0.0864243427513257,0.8617220000000000,0.0459873330586209,0.5339910000000000,34.0000000000000000,no
0.0691322793064030,0.6868392895356300,0.0290390000000000,0.2298940000000000,0.6006190000000000,0.0065023428074409,0.9977710000000000,0.2332951435451710,0.8315820000000000,35.0000000000000000,no
0.0270312424530276,0.2312190212896390,0.0236560000000000,0.1802630000000000,0.4675110000000000,0.0079202523578383,0.9869320000000000,0.0478071042533578,0.6493240000000000,36.0000000000000000,no
0.0727699199819677,0.9928722216759880,0.0061810000000000,0.0785270000000000,0.3287250000000000,0.0086327143298048,0.9735960000000000,0.0951711752053792,0.6251190000000000,37.0000000000000000,no
0.0353681312488931,0.7933927507648880,0.0259260000000000,0.1957580000000000,0.5574750000000000,0.0061806827610256,0.9977100000000000,0.1397246047833300,0.7930680000000000,38.0000000000000000,no
0.0232034180740931,0.4918722274596440,0.0461070000000000,0.2615370000000000,0.5321880000000000,0.0086717945223599,0.9922720000000000,0.0430552148116036,0.6573590000000000,39.0000000000000000,no
0.0198133180918033,0.4918722274596440,0.0147560000000000,0.1455510000000000,0.4232040000000000,0.0113112106041597,0.9883460000000000,0.0461397746246721,0.6285730000000000,40.0000000000000000,no
0.0291293007679799,0.4918722274596440,0.2321360000000000,0.5567860000000000,0.6856190000000000,0.0033288307607210,0.9988500000000000,0.5101957206794130,0.9680840000000000,41.0000000000000000,no
0.0415968990999983,0.4918722274596440,0.3658560000000000,0.5123970000000000,0.5284340000000000,0.0117270639351950,0.9867270000000000,0.0273680249051408,0.5732550000000000,42.0000000000000000,no
0.0269648290962953,0.4918722274596440,0.2805890000000000,0.4698270000000000,0.4780800000000000,0.0142883196318846,0.9624840000000000,0.0689869543366052,0.5441740000000000,43.0000000000000000,no
0.0531407480156494,0.1457516150860890,0.0254320000000000,0.2116950000000000,0.5612540000000000,0.0082369021231567,0.9960580000000000,0.1676237932701810,0.7469710000000000,44.0000000000000000,no
0.1190469482056310,0.4918722274596440,0.0380200000000000,0.2309670000000000,0.4609320000000000,0.0059021111320430,0.9944030000000000,0.0617578894465180,0.7069460000000000,45.0000000000000000,no
0.0989579140570913,0.4918722274596440,0.0270800000000000,0.2248320000000000,0.7372940000000000,0.0237547447361986,0.9570480000000000,0.0444891182922733,0.4993650000000000,46.0000000000000000,no
0.0937645908132214,0.4918722274596440,0.0370460000000000,0.2115470000000000,0.4138900000000000,0.0098231571184070,0.9665720000000000,0.1017428358418700,0.6472880000000000,47.0000000000000000,no
0.0523739756242855,0.5443751048287740,0.0313470000000000,0.2295020000000000,0.5590740000000000,0.0293101444163423,0.9803860000000000,0.0139722222883861,0.2992140000000000,48.0000000000000000,no
0.0669436573231794,0.4918722274596440,0.4427350000000000,0.5126650000000000,0.5463840000000000,0.1031185993658980,0.6554130000000000,0.1343653309768400,0.1646050000000000,49.0000000000000000,no
0.0428839094524319,0.8005008646566530,0.0494430000000000,0.2824540000000000,0.5056090000000000,0.0273741718005347,0.9751250000000000,0.0208892583479621,0.3283210000000000,50.0000000000000000,no
0.0383245318864613,0.8147668318864550,0.0595040000000000,0.3232760000000000,0.6139400000000000,0.0154807665329255,0.9903120000000000,0.0582279144326434,0.5418620000000000,51.0000000000000000,no
0.0489838756419957,0.5491003522246830,0.0381400000000000,0.2538190000000000,0.5432330000000000,0.0295806995955701,0.9699340000000000,0.0210607551097698,0.3303630000000000,52.0000000000000000,no
0.0840420778928048,0.8147506376481330,0.0218400000000000,0.1933460000000000,0.5531980000000000,0.0084242866361774,0.9961390000000000,0.1341723971198070,0.7493330000000000,53.0000000000000000,no
0.0246856434448004,1.0000000000000000,0.0209460000000000,0.1723740000000000,0.5078660000000000,0.0084373133670291,0.9895510000000000,0.0555363680320508,0.6599140000000000,54.0000000000000000,no
0.0605106180869733,0.4918722274596440,0.0188970000000000,0.1389290000000000,0.2941250000000000,0.0074883661272932,0.9719510000000000,0.1209314179685730,0.6904380000000000,55.0000000000000000,no
0.0564151277551480,0.4918722274596440,0.0377790000000000,0.2390700000000000,0.5017860000000000,0.0028598684500595,0.9979720000000000,0.2120319269804890,0.9468500000000000,56.0000000000000000,no
0.0389081644153209,0.4918722274596440,0.0303610000000000,0.1787190000000000,0.4269590000000000,0.0019139273789817,0.9965370000000000,0.0663883020153251,0.8062290000000000,57.0000000000000000,no
0.0238846581120896,0.8147506376481330,0.0143260000000000,0.1257340000000000,0.3409210000000000,0.0167383470882250,0.9682410000000000,0.1040080222374130,0.5930130000000000,58.0000000000000000,no
0.0882402070486709,0.5978137778266170,0.0564520000000000,0.2943550000000000,0.5615440000000000,0.0083791941063061,0.9959770000000000,0.1326217805651290,0.7661150000000000,59.0000000000000000,no
0.0335669205132746,0.3095378280056210,0.0470830000000000,0.2476330000000000,0.4510580000000000,0.0098953051662010,0.9848240000000000,0.0423906648595989,0.5972600000000000,60.0000000000000000,no
0.0416693500346154,0.8527770226892840,0.0288630000000000,0.1801820000000000,0.4012830000000000,0.0152993943572210,0.9723800000000000,0.0598428422729990,0.5637150000000000,61.0000000000000000,no
0.0354536636022604,0.4918722274596440,0.0339550000000000,0.2238370000000000,0.5042370000000000,0.0042807841691150,0.9987640000000000,0.2699930686725430,0.8666350000000000,62.0000000000000000,no
0.0719347217079100,0.8149704165967800,0.0467340000000000,0.3578870000000000,0.8473600000000000,0.0450073550926501,0.9389910000000000,0.0560413307195956,0.7473770000000000,63.0000000000000000,no
0.0305431002559933,0.4918722274596440,0.2067930000000000,0.4833690000000000,0.7688500000000000,0.0076046046487392,0.9509280000000000,0.6968413631134280,0.9970150000000000,64.0000000000000000,no
0.0590102799826117,0.4918722274596440,0.0549180000000000,0.2655200000000000,0.9110310000000000,0.0540489083599546,0.8399050000000000,0.1027599069153680,0.6952420000000000,65.0000000000000000,no
0.0531809985348811,0.4918722274596440,0.1272630000000000,0.4415540000000000,0.5892610000000000,0.0087259055582054,0.9964190000000000,0.1279913679963220,0.6958380000000000,66.0000000000000000,no
0.0868565954500813,0.1882476099039330,0.0724030000000000,0.3118330000000000,0.5068000000000000,0.0099884963946017,0.9906470000000000,0.0434339368272622,0.5970100000000000,67.0000000000000000,no
0.0680596029688783,0.8717508863453650,0.0674830000000000,0.2979280000000000,0.8792710000000000,0.0580320818319191,0.8631700000000000,0.0622771435308801,0.5578440000000000,68.0000000000000000,no
0.0775365877219816,0.4918722274596440,0.0241110000000000,0.1920690000000000,0.5344140000000000,0.0027265949728844,1.0000000000000000,0.2716222879097160,0.8900780000000000,69.0000000000000000,no
0.0593171901917534,0.9714981405544210,0.0146530000000000,0.1410730000000000,0.4258870000000000,0.0054702249014979,0.9858390000000000,0.0640326034399392,0.6637370000000000,70.0000000000000000,no
0.0421090869572217,0.9572483675629400,0.0271920000000000,0.1677340000000000,0.3531320000000000,0.0086186855427337,0.9575470000000000,0.1538278315425410,0.6870000000000000,71.0000000000000000,no
0.0492273912833475,0.4918722274596440,0.1973760000000000,0.4938360000000000,0.5769580000000000,0.0036835586623752,0.9981120000000000,0.2512451379477070,0.9077240000000000,72.0000000000000000,no
0.0175713641705978,0.4918722274596440,0.0521020000000000,0.2366810000000000,0.4480370000000000,0.0082379041793761,0.9896210000000000,0.0441365971707798,0.6806330000000000,73.0000000000000000,no
0.0541460047334610,0.4918722274596440,0.1681920000000000,0.4452770000000000,0.4944010000000000,0.0079543222692966,0.9956560000000000,0.2047171137094980,0.8062980000000000,74.0000000000000000,no
0.0556765307272463,0.4918722274596440,0.1720660000000000,0.3303850000000000,0.4155630000000000,0.0076637259656816,0.9775710000000000,0.1170036657432830,0.6818290000000000,75.0000000000000000,no
0.0382651623705945,0.4918722274596440,0.2445990000000000,0.5604660000000000,0.5865920000000000,0.0130046856148817,0.9928620000000000,0.1568766628635670,0.7507380000000000,76.0000000000000000,no
0.0743155399204649,0.4001041058177800,0.0437450000000000,0.2879770000000000,0.6423810000000000,0.0312270779639820,0.9820170000000000,0.0217991439453306,0.3612410000000000,77.0000000000000000,no
0.1102703224871600,0.4918722274596440,0.2185620000000000,0.5186600000000000,0.5329700000000000,0.0102239796061518,0.9946870000000000,0.1328623524115540,0.7620860000000000,78.0000000000000000,no
0.1491160985976710,0.9430159455410900,0.0798490000000000,0.4004070000000000,0.6987720000000000,0.0328403884771551,0.9780060000000000,0.0233831070925820,0.3611470000000000,79.0000000000000000,no
0.1457038608298040,0.4918722274596440,0.3761560000000000,0.6648230000000000,0.7321940000000000,0.0313423144292087,0.9723430000000000,0.0438483873349641,0.5045310000000000,80.0000000000000000,no
0.0590394616090547,0.4918722274596440,0.0361910000000000,0.2136560000000000,0.5571600000000000,0.0065584579557251,0.9962730000000000,0.2782677874297630,0.9165660000000000,81.0000000000000000,no
0.0568287018402537,0.4918722274596440,0.0403320000000000,0.2618200000000000,0.9400760000000000,0.0227186186053782,0.9793120000000000,0.1160270869607670,0.7628610000000000,82.0000000000000000,no
0.0969826198257957,0.4918722274596440,0.2961030000000000,0.6024660000000000,0.6547130000000000,0.0157663525554437,0.9888490000000000,0.1485876527095290,0.7887430000000000,83.0000000000000000,no
0.0913425158184540,0.4918722274596440,0.0432070000000000,0.3272880000000000,0.9667430000000000,0.0853160685727112,0.8961690000000000,0.1402867330581440,0.7327450000000000,84.0000000000000000,no
0.1169297708940440,0.2880897160803000,0.1275110000000000,0.5728040000000000,0.9084840000000000,0.1464214568294130,0.8283700000000000,0.0449535886888358,0.5357530000000000,85.0000000000000000,no
0.2637576274733940,0.3450529493756540,0.0645270000000000,0.3372340000000000,0.7055360000000000,0.1138616440936800,0.8859490000000000,0.0112782939883239,0.3621470000000000,86.0000000000000000,no
0.1165514160132660,0.4918722274596440,0.0276000000000000,0.2346510000000000,0.6569190000000000,0.0576573128058776,0.9313350000000000,0.1053847601308130,0.7212620000000000,87.0000000000000000,no
0.1407319154417090,0.4918722274596440,0.7061200000000000,0.6892180000000000,0.9400690000000000,0.1986456208139100,0.6876140000000000,0.0275966872542177,0.4763060000000000,88.0000000000000000,no
0.1115130572684380,0.1634137454381400,0.0514820000000000,0.2817350000000000,0.6340890000000000,0.0596393800077759,0.9017090000000000,0.0438221864407990,0.4251850000000000,89.0000000000000000,no
0.0863222698072805,0.3238153625485100,0.0310480000000000,0.2211210000000000,0.5376970000000000,0.0043308869800831,0.9983640000000000,0.2327258695719480,0.8901110000000000,90.0000000000000000,no
0.0701616863357537,0.4662344347343270,0.0281630000000000,0.1854960000000000,0.4452160000000000,0.0048519562141514,0.9932020000000000,0.0564986554177494,0.7355470000000000,91.0000000000000000,no
0.1459906457793300,0.5586248778202550,0.0477960000000000,0.3213320000000000,0.8932200000000000,0.1010523594415740,0.8517820000000000,0.0537904357208699,0.6442420000000000,92.0000000000000000,no
0.1306068973289750,0.9715328424936810,0.0875590000000000,0.4006210000000000,0.6960940000000000,0.0143975437597951,0.9921730000000000,0.1188806025252890,0.6942110000000000,93.0000000000000000,no
0.1214911609859760,0.4022082000682470,0.0683380000000000,0.3134410000000000,0.4981890000000000,0.0212005034330446,0.9871100000000000,0.0482072633642424,0.5517600000000000,94.0000000000000000,no
0.1328649514578730,0.5090392768115850,0.0641590000000000,0.3224550000000000,0.6271390000000000,0.0214179496326461,0.9850530000000000,0.0289591337508009,0.5170690000000000,95.0000000000000000,no
0.0260783114102171,0.4918722274596440,0.0288960000000000,0.2287240000000000,0.5957630000000000,0.0037206347424916,0.9974930000000000,0.2378088430399700,0.9020740000000000,96.0000000000000000,no
0.0301023570704062,0.4918722274596440,0.0296680000000000,0.1965530000000000,0.4759930000000000,0.0034961741493545,0.9951550000000000,0.1023002003177450,0.8294760000000000,97.0000000000000000,no
0.0269527539405258,0.4918722274596440,0.0192560000000000,0.1600050000000000,0.4548300000000000,0.0061235655565220,0.9904370000000000,0.0509345382568783,0.7065340000000000,98.0000000000000000,no
0.0604421922042794,0.4918722274596440,0.0162560000000000,0.1155720000000000,0.2905950000000000,0.0030903413805128,0.9905260000000000,0.1011926170644040,0.7752510000000000,99.0000000000000000,no
0.0788376857561462,0.5160560089299650,0.0259880000000000,0.2025820000000000,0.5131210000000000,0.0054421673273557,0.9979330000000000,0.2145877051113180,0.8452280000000000,100.0000000000000000,no
0.0619888184057574,0.4946877114649420,0.0204640000000000,0.1602160000000000,0.4726470000000000,0.0080745690156201,0.9856880000000000,0.0508392622780962,0.6381360000000000,101.0000000000000000,no
0.0287499396242211,0.3523044979496930,0.0205810000000000,0.2432010000000000,0.8679830000000000,0.1830726651088030,0.6977220000000000,0.0350663239907296,0.4097410000000000,102.0000000000000000,no
0.0311790584598541,0.4918722274596440,0.0033110000000000,0.0636100000000000,0.3529680000000000,0.0046535490827177,0.9979750000000000,0.2008941650608690,0.8379220000000000,103.0000000000000000,no
0.0404095087826633,0.4918722274596440,0.0317770000000000,0.2043510000000000,0.4584310000000000,0.0161190763446592,0.9569520000000000,0.0632608680118047,0.6090490000000000,104.0000000000000000,no
0.0418062018000032,0.4918722274596440,0.0190240000000000,0.1371410000000000,0.3145090000000000,0.0353405187444636,0.8934000000000000,0.0993823734675454,0.5533980000000000,105.0000000000000000,no
0.0016039831913832,0.1323057703541330,0.0919310000000000,0.2660930000000000,0.3077430000000000,0.0235563376047649,0.7992170000000000,0.1583629681325670,0.4848180000000000,106.0000000000000000,no
0.0000000000000000,0.3640094620621040,0.1053950000000000,0.2758070000000000,0.3034020000000000,0.0168495753285742,0.7956050000000000,0.2375539797967280,0.5963570000000000,107.0000000000000000,no
0.0694432145674679,0.4375382444288920,0.0116470000000000,0.1431910000000000,0.5397350000000000,0.0069101796887213,0.9962310000000000,0.1510481548615750,0.7584820000000000,108.0000000000000000,no
0.0869310589106599,0.8432490268997860,0.0165020000000000,0.1553840000000000,0.4626810000000000,0.0092239274992284,0.9880000000000000,0.0562914301638985,0.6475550000000000,109.0000000000000000,no
0.0394032458018708,0.2882377776878090,0.0226580000000000,0.1639130000000000,0.4159920000000000,0.0095546060516179,0.9791170000000000,0.0758730257030771,0.6609010000000000,110.0000000000000000,no
0.0849316143678253,0.5018316840272750,0.0133390000000000,0.1507130000000000,0.5326020000000000,0.0075474874442356,0.9957690000000000,0.1215650032274730,0.7060300000000000,111.0000000000000000,no
0.0515790278694595,0.4918722274596440,0.0070180000000000,0.0938710000000000,0.4125800000000000,0.0094243387431008,0.9876210000000000,0.0504915049555418,0.6086200000000000,112.0000000000000000,no
0.0427460514240633,0.8481767022747120,0.0117960000000000,0.1194480000000000,0.3801330000000000,0.0114585128684059,0.9821880000000000,0.0702636524522846,0.6406880000000000,113.0000000000000000,no
0.0394032458018708,0.4163943528377510,0.0133350000000000,0.1544970000000000,0.5270510000000000,0.0148645019580178,0.9921320000000000,0.0543406544983362,0.5058840000000000,114.0000000000000000,no
0.1097812786784940,0.4804703269501040,0.0561050000000000,0.3274650000000000,0.6956210000000000,0.0263340374448368,0.9796220000000000,0.0666622204543235,0.4996500000000000,115.0000000000000000,no
0.0359054756806362,0.2999369581436770,0.0000000000000000,0.0000000000000000,0.0000000000000000,0.0246215233659469,0.9792040000000000,0.0196077964333437,0.3099500000000000,116.0000000000000000,no
0.1077003268342160,0.8432490268997860,0.0266940000000000,0.1961730000000000,0.4966450000000000,0.0376582747798482,0.9508840000000000,0.0601000874157105,0.3881730000000000,117.0000000000000000,no
0.0781111638840141,0.7437435295342420,0.1166860000000000,0.4111990000000000,0.5596610000000000,0.0139396040675466,0.9906290000000000,0.0321080048495473,0.5390870000000000,118.0000000000000000,no
0.1879588559192410,0.2168535751672920,0.0423440000000000,0.2661260000000000,0.6691460000000000,0.0789309663429357,0.8935370000000000,0.0260722715937051,0.4695070000000000,119.0000000000000000,no
0.0558234451224420,0.5018189599828800,0.0356690000000000,0.2472660000000000,0.5300170000000000,0.0150589008645741,0.9918940000000000,0.0693061288655251,0.5369280000000000,120.0000000000000000,no
0.0380196342032812,0.6370304393843870,0.0539790000000000,0.2956980000000000,0.6064900000000000,0.0267719360126980,0.9788500000000000,0.0165470556149707,0.3230570000000000,121.0000000000000000,no
0.1173081257748220,0.6228003308251540,0.0234890000000000,0.2126430000000000,0.5940750000000000,0.0433158841943668,0.9528130000000000,0.0383033253698494,0.3496160000000000,122.0000000000000000,no
0.0946722400218962,0.4686092041110230,0.0022210000000000,0.0534230000000000,0.3674460000000000,0.0408668587942457,0.9676830000000000,0.0126979060721763,0.3023770000000000,123.0000000000000000,no
0.0679448889890679,0.4918722274596440,0.2779660000000000,0.6105530000000000,0.6274030000000000,0.0220712902876702,0.9812100000000000,0.0350520325939123,0.4697740000000000,124.0000000000000000,no
0.1439096939350510,0.2988183989681950,0.3162300000000000,0.6874590000000000,0.8394230000000000,0.1360672099147450,0.8043310000000000,0.0350901429854251,0.4497940000000000,125.0000000000000000,no
0.0472289530034937,0.4918722274596440,0.3090620000000000,0.6677390000000000,0.7036920000000000,0.0170409680664724,0.9857050000000000,0.0464184568626096,0.5333140000000000,126.0000000000000000,no
0.1158047688815180,0.4918722274596440,0.1976850000000000,0.5208100000000000,0.6152150000000000,0.0211824664210960,0.9789130000000000,0.0334156676583308,0.5334570000000000,127.0000000000000000,no
0.0479051617265862,0.4918722274596440,0.2663590000000000,0.5883000000000000,0.6859790000000000,0.0222456480698393,0.9772090000000000,0.0234164536851557,0.4868870000000000,128.0000000000000000,no
0.0406701308946885,0.4918722274596440,0.2918280000000000,0.5818830000000000,0.6919120000000000,0.0267549010569689,0.9712440000000000,0.0169376871279770,0.4214930000000000,129.0000000000000000,no
1.0000000000000000,0.4441188888439040,0.2148230000000000,0.5866670000000000,0.8379260000000000,0.1841578919943720,0.7913180000000000,0.0057451415205570,0.2591630000000000,130.0000000000000000,no
0.1455066332855690,0.9430159455410900,0.1346400000000000,0.4861490000000000,0.6689440000000000,0.0323503829858870,0.9780670000000000,0.0188265334073310,0.3416160000000000,131.0000000000000000,no
0.0521817793949542,0.4918722274596440,0.1847010000000000,0.5646630000000000,0.7122950000000000,0.0308623295001342,0.9706320000000000,0.0200722668299061,0.3634080000000000,132.0000000000000000,no
0.0921998518780892,0.3130415671395770,0.2250580000000000,0.6347240000000000,0.7363030000000000,0.0469703832263805,0.9659660000000000,0.0093203726243530,0.1950170000000000,133.0000000000000000,no
0.1042740013846170,0.0745015933973777,0.2417160000000000,0.6656730000000000,0.8311150000000000,0.0352553439658178,0.9728020000000000,0.0544383123765878,0.5250760000000000,134.0000000000000000,no
0.1045960055384710,0.1101277609730420,0.1205350000000000,0.4966720000000000,0.7636350000000000,0.0303572931655757,0.9770170000000000,0.0460206796511946,0.5322090000000000,135.0000000000000000,no
0.0879051214760670,0.6975355839468820,0.4791740000000000,0.7949360000000000,0.8661510000000000,0.0430453290151390,0.9645640000000000,0.2128012805091540,0.6688410000000000,136.0000000000000000,no
0.1352246381478320,0.8717508863453650,0.3015280000000000,0.7168910000000000,0.7470640000000000,0.0362273384985991,0.9150810000000000,0.1027837259100640,0.7080280000000000,137.0000000000000000,no
0.1439378692985130,0.4918722274596440,0.3865960000000000,0.7271730000000000,0.8243950000000000,0.0366963008092606,0.9674060000000000,0.0300166971152815,0.4722870000000000,138.0000000000000000,no
0.1600290206243660,0.4918722274596440,0.2098610000000000,0.5630670000000000,0.6278700000000000,0.0250333684721047,0.9841440000000000,0.0274085171961232,0.4890410000000000,139.0000000000000000,no
0.1711643267698150,0.5374520679463970,0.3092200000000000,0.7928850000000000,0.9855800000000000,0.1236437169070930,0.8741770000000000,0.0408638672996167,0.5043730000000000,140.0000000000000000,no
0.0960105697863502,0.7791950306822980,0.2541550000000000,0.6612050000000000,0.8597810000000000,0.0379188093968824,0.9828750000000000,0.0553243789792608,0.4405110000000000,141.0000000000000000,no
0.0973821062291703,0.4918722274596440,0.2147590000000000,0.5729400000000000,0.7248400000000000,0.0263490682881272,0.9801160000000000,0.0607765468650630,0.5914840000000000,142.0000000000000000,no
0.0734370723382331,0.4918722274596440,0.3664510000000000,0.7078690000000000,0.7204500000000000,0.0298151807509008,0.9751210000000000,0.0277586564181472,0.3606370000000000,143.0000000000000000,no
0.1475724911851360,0.4918722274596440,0.3481410000000000,0.6273430000000000,0.7039480000000000,0.0223147899489752,0.9756560000000000,0.0304478209192702,0.4608240000000000,144.0000000000000000,no
0.1509253594371360,0.4918722274596440,0.3988300000000000,0.7679710000000000,0.8298300000000000,0.0335909285854573,0.9716840000000000,0.0265200686939807,0.3441360000000000,145.0000000000000000,no
0.1217185764196350,0.4918722274596440,0.4010570000000000,0.7331410000000000,0.8103470000000000,0.0416775222757097,0.9504380000000000,0.0324676716694495,0.4480500000000000,146.0000000000000000,no
0.0622021461576854,0.4918722274596440,0.1711810000000000,0.5690310000000000,0.9088340000000000,0.0530258089599858,0.9346950000000000,0.0278658418942770,0.3986860000000000,147.0000000000000000,no
0.1643539389158120,0.4918722274596440,0.4709160000000000,0.6143340000000000,0.6662600000000000,0.0194398906556253,0.9797770000000000,0.0301572291839850,0.5071250000000000,148.0000000000000000,no
0.3101433320989840,0.7010821221392580,0.2950850000000000,0.8738250000000000,0.9467200000000000,0.1820826335640730,0.8235250000000000,0.0223326894265100,0.3549310000000000,149.0000000000000000,no
0.3044277583680820,0.0949225279206019,0.3406890000000000,0.9070500000000000,0.9423190000000000,1.0000000000000000,0.1740550000000000,0.0029702286385301,0.0000000000000000,150.0000000000000000,no
0.1321484922155490,0.4918722274596440,0.1624280000000000,0.5554290000000000,0.9687500000000000,0.0530398377470569,0.9558870000000000,0.0693513849554465,0.5693940000000000,151.0000000000000000,no
0.0905475680636280,0.0637925749417296,0.2228170000000000,0.6955560000000000,0.9691910000000000,0.0736180642678776,0.9331160000000000,0.0538190185145045,0.5501270000000000,152.0000000000000000,no
0.0718340954098308,0.8504438956397010,0.1813320000000000,0.5973530000000000,0.8997800000000000,0.0492320241134808,0.9595660000000000,0.0514657018385882,0.5427220000000000,153.0000000000000000,no
0.0884957978457922,0.4918722274596440,0.3779950000000000,0.6945760000000000,0.8053230000000000,0.0396934509613727,0.9483910000000000,0.0299285668349081,0.4028950000000000,154.0000000000000000,no
0.0842684870634831,0.4202867536914180,0.1014230000000000,0.4513380000000000,0.8675340000000000,0.0535358555756412,0.9565080000000000,0.0531687599593171,0.5545960000000000,155.0000000000000000,no
0.1029175588865090,0.7082573264469260,0.1647540000000000,0.5413290000000000,0.7852620000000000,0.0396162926324818,0.9728680000000000,0.0760873966553367,0.6045620000000000,156.0000000000000000,no
0.1212144386662580,0.1528701395596320,0.1220660000000000,0.4583420000000000,0.8210120000000000,0.0332011287161254,0.9776620000000000,0.0795911707750462,0.6206730000000000,157.0000000000000000,no
0.1375491056334620,0.4918722274596440,0.3090930000000000,0.5763290000000000,0.6749960000000000,0.0385581212648354,0.9505230000000000,0.0272441661327242,0.4267830000000000,158.0000000000000000,no
0.0272123697895702,0.4455254741152450,0.0208100000000000,0.1397640000000000,0.3154160000000000,0.0336700910267869,0.7818530000000000,0.1289941476730030,0.4758370000000000,159.0000000000000000,no
0.0110366923733316,0.4874199686525810,0.0622130000000000,0.2369940000000000,0.3143150000000000,0.0353044447205666,0.7386660000000000,0.1389481055562560,0.4721070000000000,160.0000000000000000,no
0.0409317592696945,0.3896079259229270,0.2456360000000000,0.5359850000000000,0.5865920000000000,0.0239772012168970,0.9767720000000000,0.0207987461681192,0.3280880000000000,161.0000000000000000,no
0.0399023522403439,0.9073735837271040,0.3799980000000000,0.5828220000000000,0.5967320000000000,0.0161050475575881,0.9814580000000000,0.0333394468753051,0.4150050000000000,162.0000000000000000,no
0.0389162145191673,0.0138564843465335,0.2293280000000000,0.5442720000000000,0.5752010000000000,0.0195030201974451,0.9783160000000000,0.0298571098508216,0.4081220000000000,163.0000000000000000,no
0.0466805396789618,0.3332450361767710,0.0391540000000000,0.1841560000000000,0.2712690000000000,0.0332672644266033,0.8130980000000000,0.1294085981807050,0.5007830000000000,164.0000000000000000,no
0.0456591827534575,0.6710741985297940,0.1154780000000000,0.2878740000000000,0.3757650000000000,0.0398828395868321,0.7574000000000000,0.1219461071426010,0.4520340000000000,165.0000000000000000,no
0.0453190658659496,0.1014939184851440,0.2059340000000000,0.4982890000000000,0.5726810000000000,0.0210461867752628,0.9766960000000000,0.0229234004949587,0.3686750000000000,166.0000000000000000,no
0.0162712723994139,0.2538747607012100,0.0716130000000000,0.2432160000000000,0.3327200000000000,0.0246275357032631,0.8065970000000000,0.1672403074555830,0.5736360000000000,167.0000000000000000,no
0.0369167699763326,0.3898242346776470,0.1514770000000000,0.4568780000000000,0.5747270000000000,0.0158785828520123,0.9832910000000000,0.0460945185347507,0.4656780000000000,168.0000000000000000,no
0.0948513548324773,0.0053464121086633,0.4737310000000000,0.8573850000000000,0.9163370000000000,0.1939249339644950,0.7435300000000000,0.0260436888000705,0.3377510000000000,169.0000000000000000,no
0.1508710212361730,0.2777589487625860,0.0699760000000000,0.3036400000000000,0.6849530000000000,0.0886469034458709,0.7395030000000000,0.0474212365392906,0.4645530000000000,170.0000000000000000,no
0.0913244030847998,0.0556746346174978,0.4157360000000000,0.8594400000000000,0.9084230000000000,0.2396257119609430,0.6336620000000000,0.0377149962008703,0.3428180000000000,171.0000000000000000,no
0.0469280803722368,0.8041364711597960,0.2693520000000000,0.5496810000000000,0.5701210000000000,0.0110226184129834,0.9831000000000000,0.0732386448897537,0.6033240000000000,172.0000000000000000,no
0.0473456795092656,0.4918722274596440,0.3124580000000000,0.5511090000000000,0.5842990000000000,0.0118332818944474,0.9870440000000000,0.0686773074055636,0.5754150000000000,173.0000000000000000,no
0.0542345558757708,0.8219258419558010,0.2648560000000000,0.4465250000000000,0.6468200000000000,0.0150959769446905,0.9680140000000000,0.0590449059506994,0.5485470000000000,174.0000000000000000,no
0.0761157443931026,0.4918722274596440,0.1834190000000000,0.3735120000000000,0.4234770000000000,0.0036975874494463,0.9959230000000000,0.1216316964126210,0.7513000000000000,175.0000000000000000,no
0.0911935888972967,0.4918722274596440,0.5072090000000000,0.8029140000000000,0.9146030000000000,0.0623830099363894,0.8953370000000000,0.0319436537861483,0.3917840000000000,176.0000000000000000,no
0.0541198418959604,0.4918722274596440,0.1889910000000000,0.4964500000000000,0.6462170000000000,0.0048259027524480,0.9901240000000000,0.2016516090921860,0.8346340000000000,177.0000000000000000,no
0.1131411907713600,0.4918722274596440,0.1432110000000000,0.4086230000000000,0.5164080000000000,0.0025512351344960,0.9942030000000000,0.9858848637434400,0.9218770000000000,178.0000000000000000,no
0.1022343063225510,0.0789677329801447,0.3865180000000000,0.8493210000000000,0.9483240000000000,0.2245628028714920,0.7031790000000000,0.0449083325989143,0.4492270000000000,179.0000000000000000,no
0.0817005039365007,0.4918722274596440,0.2371470000000000,0.4729200000000000,0.5753580000000000,0.0018788554113040,0.9987900000000000,0.2543582805544100,0.9410560000000000,180.0000000000000000,no
0.0754244417252982,0.4918722274596440,0.0849660000000000,0.2681070000000000,0.4851620000000000,0.0041625415352303,0.9954410000000000,0.3168235941433850,0.9228560000000000,181.0000000000000000,no
0.0141450387209995,0.4918722274596440,0.1744540000000000,0.4679420000000000,0.5654140000000000,0.0015281357345273,0.9961280000000000,1.0000000000000000,0.9510960000000000,182.0000000000000000,no
0.0527462929271787,0.4918722274596440,0.2803560000000000,0.5718300000000000,0.5611850000000000,0.0018798574675234,0.9958740000000000,0.8304278129637260,0.9421630000000000,183.0000000000000000,no
0.0738717779459355,0.4918722274596440,0.2486480000000000,0.5668500000000000,0.8253610000000000,0.0198316946373959,0.9594130000000000,0.1713181193474540,0.8082750000000000,184.0000000000000000,no
0.0568448020479464,0.8646416157222920,0.0311090000000000,0.1998400000000000,0.4358330000000000,0.0218909201681851,0.8800910000000000,0.1139048145333970,0.5224440000000000,185.0000000000000000,no
0.0203637439422968,0.8717508863453650,0.0278990000000000,0.1399040000000000,0.2191950000000000,0.0057487965304805,0.7555850000000000,0.7195337193598400,0.8801580000000000,186.0000000000000000,no
0.0418615462639468,0.2526173937686880,0.0296230000000000,0.1886520000000000,0.4039220000000000,0.0156380893593654,0.9083880000000000,0.1107964357256330,0.5612480000000000,187.0000000000000000,no
0.0152640031556407,0.2811134695577230,0.0506400000000000,0.1881210000000000,0.2303770000000000,0.0088752119348904,0.6650860000000000,0.6479195299083200,0.8629410000000000,188.0000000000000000,no
0.0603566598509120,0.8025517492669210,0.1736170000000000,0.5467370000000000,0.6765700000000000,0.0196372957308396,0.9890940000000000,0.0201842161049750,0.3374590000000000,189.0000000000000000,no
0.0384734588076186,0.4918722274596440,0.0269810000000000,0.1825760000000000,0.4104440000000000,0.0129265252297714,0.9325100000000000,0.0948686739727463,0.5274700000000000,190.0000000000000000,no
0.0318472170791003,0.8788751944754510,0.0274010000000000,0.1428950000000000,0.2249480000000000,0.0079683510563677,0.6706240000000000,0.7293590546717380,0.8451320000000000,191.0000000000000000,no
0.0470478256669511,0.6441547475144730,0.0449290000000000,0.2317780000000000,0.4135350000000000,0.0096718466292833,0.9483560000000000,0.1190878277791400,0.6215400000000000,192.0000000000000000,no
0.0689672521775530,0.7687809787103600,0.1795700000000000,0.5353960000000000,0.7318130000000000,0.0173105211894808,0.9873220000000000,0.0175927094821035,0.4253370000000000,193.0000000000000000,no
0.0138059280964724,0.6441547475144730,0.0517130000000000,0.1979390000000000,0.2577490000000000,0.0088902427781808,0.7309720000000000,0.5589579666200600,0.8035450000000000,194.0000000000000000,no
0.0413312456730691,0.0745027501286863,0.0296140000000000,0.1877250000000000,0.4133010000000000,0.0125938425649432,0.9192680000000000,0.1250282850562000,0.6087660000000000,195.0000000000000000,no
0.0810504580509088,0.4395821886513090,0.1440450000000000,0.5174080000000000,0.6744860000000000,0.0208738331055325,0.9866740000000000,0.0196816353168998,0.3838650000000000,196.0000000000000000,no
0.0421070744312601,0.0958779879815617,0.0512700000000000,0.1834930000000000,0.2293160000000000,0.0132872654687418,0.5474000000000000,0.6629350241643700,0.8131650000000000,197.0000000000000000,no
0.3193848513145810,0.0175036581627636,0.1835820000000000,0.6417090000000000,0.8433540000000000,0.2104578595277500,0.8325290000000000,0.0016387468350511,0.0959070000000000,198.0000000000000000,no
0.3343006874788680,0.0374468626555080,0.3944680000000000,0.6862910000000000,0.8359500000000000,0.0656216556373678,0.9103740000000000,0.7943515635979060,0.7577230000000000,199.0000000000000000,no
0.2570267343948730,0.3346076656583820,0.0220040000000000,0.2569290000000000,0.8324530000000000,0.0365039060151430,0.9741890000000000,0.0108042959938832,0.3800150000000000,200.0000000000000000,no
0.0474452995443641,0.4918722274596440,0.0299830000000000,0.1899900000000000,0.3826480000000000,0.0107320221093684,0.9354960000000000,0.1217889017776110,0.5966530000000000,201.0000000000000000,no
0.0728433771795656,0.9073735837271040,0.1814740000000000,0.5375330000000000,0.7200220000000000,0.0184648899541859,0.9875190000000000,0.0154752008536727,0.3510660000000000,202.0000000000000000,no
0.0349756886863840,0.8362427053631840,0.0333460000000000,0.2058430000000000,0.4296420000000000,0.0257197769823678,0.8503320000000000,0.0989417220656784,0.5099540000000000,203.0000000000000000,no
0.0848249504918613,0.9216256701812010,0.1833050000000000,0.5733410000000000,0.7576290000000000,0.0268761498595117,0.9799830000000000,0.0171806408738712,0.3379430000000000,204.0000000000000000,no
0.1000104651350000,0.3523357296950270,0.1462870000000000,0.5872090000000000,0.9635430000000000,0.1083493328309690,0.8966680000000000,0.0490314005807070,0.5158750000000000,205.0000000000000000,no
0.1576371335190220,0.6407100016772600,0.1502270000000000,0.5457930000000000,0.7978730000000000,0.0571172045036414,0.9562830000000000,0.0154013619701166,0.3646520000000000,206.0000000000000000,no
0.0439445106341871,0.4991388135406960,0.1665560000000000,0.5377640000000000,0.7652320000000000,0.0406724598876895,0.9445370000000000,0.0245931120231139,0.3751790000000000,207.0000000000000000,no
0.0780216064787235,0.1506179837016550,0.0714120000000000,0.3083280000000000,0.5239440000000000,0.0433108739132700,0.8580990000000000,0.0693656763522638,0.4524360000000000,208.0000000000000000,no
0.1255484133245310,0.9358754431726820,0.1018580000000000,0.4611440000000000,0.8746570000000000,0.0616154348723580,0.9426220000000000,0.0726574614191833,0.5819010000000000,209.0000000000000000,no
0.1796330360161640,0.3451929138640030,0.0985400000000000,0.4167080000000000,0.6809330000000000,0.0255143554573985,0.9824700000000000,0.0156943356048714,0.3844800000000000,210.0000000000000000,no
0.0498573119093236,0.8735773650817520,0.0366520000000000,0.2279930000000000,0.5640140000000000,0.0304995851487251,0.9473870000000000,0.0373767664761941,0.3581950000000000,211.0000000000000000,no
0.0587909146527990,0.5962984598122620,0.0889060000000000,0.3744470000000000,0.6098230000000000,0.0281778208884631,0.9810920000000000,0.0343898645413771,0.5228920000000000,212.0000000000000000,no
0.0615058121749770,0.4121179171896050,0.0863680000000000,0.4033800000000000,0.8027380000000000,0.0173445911009391,0.9861950000000000,0.0248051010759039,0.4808970000000000,213.0000000000000000,no
0.0664586385664375,0.6191739781724800,0.3212370000000000,0.6202730000000000,0.6707410000000000,0.0716019271545210,0.9348550000000000,0.0616864324624314,0.1083560000000000,214.0000000000000000,no
0.0671147220299142,0.3808283352901370,0.0117770000000000,0.1391510000000000,0.4679810000000000,0.0162062552357437,0.9886040000000000,0.0303573087394273,0.4830450000000000,215.0000000000000000,no
0.0760805251887749,0.1083163197436680,0.2438590000000000,0.6565570000000000,0.9903990000000000,0.0295606584711828,0.9762380000000000,0.0444200432076563,0.5503980000000000,216.0000000000000000,no
0.0891387998905185,0.2198460390628160,0.1365470000000000,0.5051170000000000,0.7665770000000000,0.0701158777812070,0.9361370000000000,0.0657380434601377,0.5529640000000000,217.0000000000000000,no
0.0944891001593920,0.3295111075123910,0.0957000000000000,0.4026990000000000,0.6157510000000000,0.0359898511746103,0.9723840000000000,0.0124168419347693,0.3659730000000000,218.0000000000000000,no
0.1461747919048150,0.8362045332299980,0.0770640000000000,0.3569790000000000,0.8232020000000000,0.0408959184246073,0.9579820000000000,0.0129360960191314,0.2680360000000000,219.0000000000000000,no
0.0975380769911931,0.9358754431726820,0.0773610000000000,0.3684190000000000,0.7373490000000000,0.0103472325211333,0.9924270000000000,0.1096793248744140,0.7449460000000000,220.0000000000000000,no
0.0780739321537247,0.4918722274596440,0.1034360000000000,0.3646190000000000,0.5536990000000000,0.0147352367057201,0.9677030000000000,0.0821278937101180,0.6874620000000000,221.0000000000000000,no
0.0540836164286519,0.4918722274596440,0.0220880000000000,0.1491960000000000,0.3220040000000000,0.0059281645937464,0.9662950000000000,0.1894943941995980,0.8378380000000000,222.0000000000000000,no
0.1352930640305260,0.6583813858797800,0.1005230000000000,0.4150590000000000,0.7022650000000000,0.0217867063213714,0.9799590000000000,0.1125185490421190,0.7475850000000000,223.0000000000000000,no
0.1122697670299940,0.4918722274596440,0.1142170000000000,0.5599970000000000,1.0000000000000000,0.0326940882691282,0.9740970000000000,0.1023526021060750,0.6616160000000000,224.0000000000000000,no
0.1160714285714280,0.9216256701812010,0.0784060000000000,0.4478930000000000,0.9903840000000000,0.0503453085731921,0.9467440000000000,0.1015808666779400,0.6340960000000000,225.0000000000000000,no
0.1192391444349630,0.1528712962909410,0.0888030000000000,0.4287900000000000,0.9248880000000000,0.0276717824976852,0.9766600000000000,0.0909790321389695,0.6581110000000000,226.0000000000000000,no
0.1587571042166440,0.4805246933216110,0.0716920000000000,0.3779330000000000,0.7191670000000000,0.0202174862818503,0.9830130000000000,0.0661048559784485,0.6470300000000000,227.0000000000000000,no
0.0811490718230265,0.9073735837271040,0.0872000000000000,0.4305550000000000,0.7918980000000000,0.0275986323936718,0.9774170000000000,0.1006685991811020,0.6685390000000000,228.0000000000000000,no
0.0827590925922944,0.6371576798283410,0.0721940000000000,0.3357150000000000,0.6098860000000000,0.0166571805344567,0.9816610000000000,0.0305002227076004,0.5496480000000000,229.0000000000000000,no
0.0793076105681763,0.1172509123718190,0.1013780000000000,0.5096420000000000,0.8806240000000000,0.0852769883801560,0.9052790000000000,0.1580437936036470,0.6893600000000000,230.0000000000000000,no
0.0414570285456682,0.8220507689371370,0.0557630000000000,0.2715600000000000,0.5541740000000000,0.0154637315771964,0.9771220000000000,0.0397372288505191,0.5410970000000000,231.0000000000000000,no
0.1367531516156550,0.4918722274596440,0.0581640000000000,0.3339850000000000,0.7272740000000000,0.0257528448376067,0.9777590000000000,0.0701802859708503,0.6791250000000000,232.0000000000000000,no
0.1346460369338760,0.6584739243844740,0.0684410000000000,0.3722330000000000,0.7132860000000000,0.0137091311370933,0.9912500000000000,0.1162200208178010,0.7346740000000000,233.0000000000000000,no
0.1239434238701670,0.9073735837271040,0.0482190000000000,0.2773490000000000,0.6829450000000000,0.0175249612204243,0.9795240000000000,0.0322795016113549,0.5451930000000000,234.0000000000000000,no
0.1183606768527310,0.0887525231201670,0.0778970000000000,0.4219370000000000,0.8754550000000000,0.0426234633467876,0.9629570000000000,0.0565320020103231,0.6161330000000000,235.0000000000000000,no
0.2030769509426670,0.4918722274596440,0.2824680000000000,0.6826090000000000,0.6600730000000000,0.0594570057758520,0.9509460000000000,0.0932656556297384,0.3793540000000000,236.0000000000000000,no
0.1366263624800750,0.4918722274596440,0.0462820000000000,0.2822950000000000,0.6056280000000000,0.0107390365029039,0.9929130000000000,0.1218341578675330,0.7221840000000000,237.0000000000000000,no
0.1881379707298220,0.4918722274596440,0.5444940000000000,1.0000000000000000,0.9943900000000000,0.0545739858189003,0.9532200000000000,0.1924050753513890,0.4514670000000000,238.0000000000000000,no
0.1299699328621330,0.4918722274596440,0.0610430000000000,0.3023410000000000,0.5840890000000000,0.0128613915755129,0.9915460000000000,0.0836022894817701,0.6900170000000000,239.0000000000000000,no
0.1095890824491630,0.5421888826553920,0.0602310000000000,0.2943510000000000,0.4730580000000000,0.0271978099059269,0.9556460000000000,0.0371290489313608,0.4905540000000000,240.0000000000000000,no
0.0472903350453220,0.4918722274596440,0.0234280000000000,0.1933580000000000,0.5158360000000000,0.0090495697170594,0.9868740000000000,0.3470498984119870,0.8882090000000000,241.0000000000000000,no
0.0923477725362657,0.4918722274596440,0.1151990000000000,0.4009300000000000,0.6755440000000000,0.0142101592467743,0.9552480000000000,0.0682390379031662,0.6040910000000000,242.0000000000000000,no
0.0305290125742622,0.4918722274596440,0.0511340000000000,0.2156450000000000,0.4282260000000000,0.0069773174554185,0.9624620000000000,0.1369211091076690,0.7001940000000000,243.0000000000000000,no
0.0584668979729838,0.4918722274596440,0.1022860000000000,0.3475130000000000,0.5038170000000000,0.0020512090810343,0.9965370000000000,0.3897907024936100,1.0000000000000000,244.0000000000000000,no
0.0270211798232197,0.4918722274596440,0.1144530000000000,0.3913850000000000,0.5194580000000000,0.0014329403936878,0.9978960000000000,0.3418645032667750,0.9782370000000000,245.0000000000000000,no
0.0601523884658112,0.4918722274596440,0.1936520000000000,0.3650230000000000,0.3931500000000000,0.0034160096518055,0.9764310000000000,0.1479731226463850,0.8158110000000000,246.0000000000000000,no
0.0453059844471993,0.4918722274596440,0.1144160000000000,0.2873100000000000,0.3735750000000000,0.0040473050700036,0.9727620000000000,0.1280771163772260,0.7493460000000000,247.0000000000000000,no
0.0415294794802853,0.4918722274596440,0.1158800000000000,0.2905800000000000,0.3725570000000000,0.0036074023897037,0.9415920000000000,0.2985377519156420,0.8735040000000000,248.0000000000000000,no
0.0262191882275281,0.4918722274596440,0.0959800000000000,0.2394260000000000,0.3345190000000000,0.0025612556966896,0.9561160000000000,0.2597580466518830,0.8571240000000000,249.0000000000000000,no
0.1028873709970850,0.9714981405544210,0.0953280000000000,0.4083780000000000,0.6447250000000000,0.0134756520379819,0.9891050000000000,0.1727996608175150,0.7583320000000000,250.0000000000000000,no
0.0378636634412584,0.4918722274596440,0.0723060000000000,0.3033810000000000,0.4809770000000000,0.0082228733360856,0.9921060000000000,0.0476046427984460,0.6266360000000000,251.0000000000000000,no
0.0830086458115309,0.6371160375012290,0.0595660000000000,0.2414400000000000,0.3436760000000000,0.0169828488057493,0.9505720000000000,0.0962335023687990,0.6512780000000000,252.0000000000000000,no
0.1122224726698970,0.4918722274596440,0.0872310000000000,0.3660690000000000,0.5677700000000000,0.0095255464212564,0.9959640000000000,0.1194570221969210,0.6892900000000000,253.0000000000000000,no
0.0814841573956303,0.7614877878092080,0.0899930000000000,0.3980320000000000,0.6815520000000000,0.0283030779158833,0.9752520000000000,0.0411973332253539,0.5088590000000000,254.0000000000000000,no
0.0497536668223020,0.8646254214839700,0.0679300000000000,0.2918900000000000,0.4877960000000000,0.0231344719364135,0.9602840000000000,0.0459015846777170,0.4423980000000000,255.0000000000000000,no
0.0546974368469353,0.7010751817514060,0.0972200000000000,0.3886000000000000,0.5537430000000000,0.0076717424154365,0.9965680000000000,0.1014212794134810,0.6386900000000000,256.0000000000000000,no
0.0692852312794835,0.3615143926293080,0.1195170000000000,0.4196510000000000,0.5521580000000000,0.0131780413408313,0.9913340000000000,0.0677840951044820,0.5526450000000000,257.0000000000000000,no
0.0478779926261048,0.3715710146268670,0.0774830000000000,0.3316100000000000,0.6204070000000000,0.0253991189921719,0.9641680000000000,0.0322985568071114,0.3947470000000000,258.0000000000000000,no
0.0533118127223841,0.4918722274596440,0.0255080000000000,0.1969640000000000,0.4949830000000000,0.0021594311527254,0.9999580000000000,0.2393070578063180,0.9668470000000000,259.0000000000000000,no
0.0209091384778863,0.3594507839746440,0.0221260000000000,0.1455180000000000,0.3387360000000000,0.0073280371321953,0.9807050000000000,0.0673791721946583,0.6670140000000000,260.0000000000000000,no
0.0255731673938593,0.4918722274596440,0.0303080000000000,0.1566070000000000,0.2869490000000000,0.0053790377855359,0.9935040000000000,0.0941088480419595,0.7728510000000000,261.0000000000000000,no
0.0512962679718568,0.4918722274596440,0.0499850000000000,0.2885460000000000,0.5795440000000000,0.0044010309154385,0.9978020000000000,0.2548418061467290,0.9425940000000000,262.0000000000000000,no
0.0861995057236238,0.4918722274596440,0.6229620000000000,0.3715350000000000,0.5098770000000000,0.0569999639259761,0.9297720000000000,0.3527021458532320,0.4911290000000000,263.0000000000000000,no
0.0340056511729001,0.7723599053793780,0.0514120000000000,0.2546350000000000,0.4519430000000000,0.0067308116254554,0.9955250000000000,0.0570631655920330,0.7356660000000000,264.0000000000000000,no
0.0384955965931960,0.4918722274596440,0.1179840000000000,0.4190680000000000,0.5600380000000000,0.0052878506695740,0.9974600000000000,0.1471894777209030,0.8286130000000000,265.0000000000000000,no
0.0543140506512534,0.4918722274596440,0.0983890000000000,0.3191680000000000,0.4187270000000000,0.0084824058969004,0.9874070000000000,0.0531901970545431,0.6823480000000000,266.0000000000000000,no
0.0782932974835375,0.4918722274596440,0.6944300000000000,0.5365000000000000,0.5553860000000000,0.0398617964062255,0.9306680000000000,0.2571570124311330,0.5210490000000000,267.0000000000000000,no
0.0555094910724348,0.1172520691031280,0.0475820000000000,0.2006370000000000,0.3420730000000000,0.0084493380416615,0.9771050000000000,0.1317714424544990,0.7249700000000000,268.0000000000000000,no
0.0189469256653410,0.4918722274596440,0.1056180000000000,0.3882750000000000,0.6158930000000000,0.0034590980692381,0.9980660000000000,0.2306869636260130,0.8995700000000000,269.0000000000000000,no
0.0608114907182302,0.4918722274596440,0.0849010000000000,0.3687710000000000,0.6658060000000000,0.0483111344478870,0.9426270000000000,0.0388559260467852,0.6110180000000000,270.0000000000000000,no
0.0243284200866191,0.4918722274596440,0.1990500000000000,0.5553840000000000,0.6388300000000000,0.5643841162064550,0.0000000000000000,0.2019874569173930,0.1637200000000000,271.0000000000000000,no
0.0224064577933055,0.8646254214839700,0.0536600000000000,0.2424950000000000,0.4171290000000000,0.0106498534993807,0.9727850000000000,0.1003470427527130,0.6777270000000000,272.0000000000000000,no
0.0518205309848497,0.4918722274596440,0.6520620000000000,0.3768040000000000,0.4489760000000000,0.0430433249027003,0.9316070000000000,0.1260691751243940,0.3287250000000000,273.0000000000000000,no
0.0272485952568788,0.4918722274596440,0.0795360000000000,0.3194250000000000,0.5208280000000000,0.0034641083503349,0.9990140000000000,0.1901494165537240,0.9049660000000000,274.0000000000000000,no
0.0236662990452576,0.4918722274596440,0.1046230000000000,0.3366950000000000,0.4480960000000000,0.0062858986640587,0.9964700000000000,0.0568892869307557,0.7472940000000000,275.0000000000000000,no
0.0939769123021687,0.4918722274596440,0.7653840000000000,0.3747040000000000,0.5230050000000000,0.0347803693178402,0.9661410000000000,0.2209164120019150,0.4490250000000000,276.0000000000000000,no
0.0291796139170195,0.4918722274596440,0.0523470000000000,0.2094490000000000,0.3331950000000000,0.0080264703170907,0.9927990000000000,0.0553172332808521,0.7249530000000000,277.0000000000000000,no
0.0390892917518636,0.4918722274596440,0.1040530000000000,0.3770040000000000,0.5019370000000000,0.0067859247175204,0.9970470000000000,0.1195975542656240,0.7780530000000000,278.0000000000000000,no
0.1051172497625210,0.3950711678937650,0.1050520000000000,0.3797470000000000,0.5178030000000000,0.0133994957653104,0.9895310000000000,0.0366693423337374,0.5735920000000000,279.0000000000000000,no
0.0792754101527909,0.7579990861822660,0.0205540000000000,0.1325010000000000,0.2882050000000000,0.0054291405965040,0.9912850000000000,0.0803200320127288,0.7073190000000000,280.0000000000000000,no
0.0461431952472186,0.4918722274596440,0.0879030000000000,0.3531530000000000,0.6945770000000000,0.0049130816435325,0.9975460000000000,0.1670997753868800,0.8715480000000000,281.0000000000000000,no
0.0724519408800373,0.4918722274596440,0.0623230000000000,0.2698430000000000,0.5095620000000000,0.0105666828331736,0.9936670000000000,0.0386391731950561,0.6476840000000000,282.0000000000000000,no
0.0759235481637713,0.3238373404433750,0.0482720000000000,0.2112750000000000,0.4058650000000000,0.0079984127429485,0.9934230000000000,0.0618626930231782,0.6868750000000000,283.0000000000000000,no
0.0906964949847853,0.4918722274596440,0.0760550000000000,0.3404880000000000,0.6347670000000000,0.0064382112094017,0.9974030000000000,0.1879866518353720,0.8994110000000000,284.0000000000000000,no
0.0884545410635797,0.4918722274596440,0.0979460000000000,0.3339810000000000,0.4683500000000000,0.0089012653965938,0.9956410000000000,0.0511965471985289,0.7395810000000000,285.0000000000000000,no
0.0701707427025808,0.4918722274596440,0.1008990000000000,0.4097990000000000,0.6477450000000000,0.0062347937968712,0.9977120000000000,0.2614253762805680,0.8449120000000000,286.0000000000000000,no
0.0917872840559643,0.4918722274596440,0.0883400000000000,0.2998990000000000,0.4523320000000000,0.0077809665433469,0.9907730000000000,0.0496316392470339,0.6950880000000000,287.0000000000000000,no
0.0705078408011463,0.4918722274596440,0.0632630000000000,0.2624930000000000,0.5035010000000000,0.0169457727256330,0.9535680000000000,0.0946876496130604,0.6094990000000000,288.0000000000000000,no
0.0243394889794078,0.4918722274596440,0.1257740000000000,0.4187100000000000,0.5218460000000000,0.0057347677434095,0.9978610000000000,0.2123034635200180,0.8365430000000000,289.0000000000000000,no
0.0913666661299930,0.4918722274596440,0.1348350000000000,0.4238750000000000,0.6440190000000000,0.0075344607133839,0.9956490000000000,0.2146115241060130,0.8456890000000000,290.0000000000000000,no
0.0333928370175975,0.4918722274596440,0.0298390000000000,0.2020760000000000,0.4736320000000000,0.0033979726398570,0.9992780000000000,0.2742638144214480,0.9120280000000000,291.0000000000000000,no
0.0544609650464490,0.4918722274596440,0.0407000000000000,0.2453610000000000,0.5267930000000000,0.0061766745361482,0.9961350000000000,0.1927313955787180,0.8273480000000000,292.0000000000000000,no
0.0891327623126338,0.4918722274596440,0.0757210000000000,0.3238010000000000,0.6229370000000000,0.0155649392553519,0.9722830000000000,0.0399492179033091,0.5607290000000000,293.0000000000000000,no
0.0249482780827872,0.4918722274596440,0.0362900000000000,0.2010830000000000,0.5123500000000000,0.0055564017363630,0.9829050000000000,0.0904407228588510,0.7382810000000000,294.0000000000000000,no
0.0249865160760573,0.4918722274596440,0.0182720000000000,0.1260850000000000,0.2838440000000000,0.0108522688556918,0.9302480000000000,0.1901827631462980,0.7246350000000000,295.0000000000000000,no
0.0287157266828742,0.4918722274596440,0.0846820000000000,0.3349180000000000,0.5348240000000000,0.0033168060860887,0.9988520000000000,0.2397739101023500,0.8998300000000000,296.0000000000000000,no
0.0510980341646407,0.4918722274596440,0.4498690000000000,0.2325340000000000,0.4361810000000000,0.0438349493159964,0.9351980000000000,0.1738810431766910,0.3948300000000000,297.0000000000000000,no
0.1248339666081690,0.1172497556405110,0.0904930000000000,0.3034370000000000,0.3777190000000000,0.0114264470693863,0.9728130000000000,0.0609289884311142,0.5434950000000000,298.0000000000000000,no
0.1242674405499830,0.6940977784975210,0.0807660000000000,0.2873020000000000,0.4637140000000000,0.0131960783527799,0.9619110000000000,0.0631870291282486,0.5361320000000000,299.0000000000000000,no
0.0931376889761878,0.8505514716514070,0.0516820000000000,0.2416570000000000,0.6089430000000000,0.0075314545447258,0.9768270000000000,0.1123137056877370,0.7380600000000000,300.0000000000000000,no
0.0855474473120703,0.9287499783112880,0.0414440000000000,0.2020530000000000,0.3533370000000000,0.0057638273737710,0.9852870000000000,0.0794339654100558,0.7054130000000000,301.0000000000000000,no
0.0469270741092560,0.4918722274596440,0.1065360000000000,0.3014620000000000,0.4510240000000000,0.0044060411965353,0.9838000000000000,0.0813561582819835,0.5780630000000000,302.0000000000000000,no
0.1241426639403640,0.4918722274596440,0.0444740000000000,0.2116770000000000,0.3680690000000000,0.0055994901537956,0.9803380000000000,0.0711854475470008,0.5316910000000000,303.0000000000000000,no
0.0962973547358761,0.4918722274596440,0.1030680000000000,0.3134220000000000,0.6589450000000000,0.0516469796021436,0.8560760000000000,0.0869512401359588,0.6558430000000000,304.0000000000000000,no
0.0428537215630081,0.4918722274596440,0.0398060000000000,0.2060320000000000,0.3675810000000000,0.0039501056167255,0.9828710000000000,0.0859960984486688,0.6161730000000000,305.0000000000000000,no
0.1019434963211020,0.2596769249454890,0.1077170000000000,0.3118430000000000,0.4016370000000000,0.0411023420057958,0.8642520000000000,0.0619365319067343,0.2492620000000000,306.0000000000000000,no
0.1077778090837370,0.3843586792441910,0.1488660000000000,0.3042070000000000,0.3229000000000000,0.0110436615935900,0.9522690000000000,0.0925510857888731,0.5463000000000000,307.0000000000000000,no
0.0245910547246059,0.2668498157905390,0.1628560000000000,0.3647800000000000,0.7234250000000000,0.0131099015179147,0.9482260000000000,0.0879873664052135,0.5595390000000000,308.0000000000000000,no
0.0231993930221699,0.2382253428262410,0.0871910000000000,0.2675220000000000,0.3021290000000000,0.0043178602492314,0.9875120000000000,0.0821874411968568,0.4860060000000000,309.0000000000000000,no
0.0712353689362592,0.0388777392843303,0.3485780000000000,0.5179800000000000,0.8273070000000000,0.0336831177576386,0.8869710000000000,0.0901096388325834,0.6068240000000000,310.0000000000000000,no
0.0720987425737792,0.0740365874112931,0.1205160000000000,0.3027140000000000,0.6420570000000000,0.0169467747818523,0.9338290000000000,0.0877610859556061,0.4568260000000000,311.0000000000000000,no
0.0730506673536088,0.2196806264856760,0.1423180000000000,0.3183380000000000,0.3117640000000000,0.0047978451783059,0.9840320000000000,0.0867678338768033,0.4948020000000000,312.0000000000000000,no
0.0785770636441210,0.0000000000000000,0.0803350000000000,0.3783330000000000,0.7867750000000000,0.0576563107496583,0.8214490000000000,0.0807583015151262,0.5416100000000000,313.0000000000000000,no
0.1741639967155570,0.0447111352739428,0.1251960000000000,0.4800620000000000,0.8854210000000000,0.1223019636293670,0.8112980000000000,0.0615268451979715,0.5059710000000000,314.0000000000000000,no
0.1162756999565290,0.4918722274596440,0.0759380000000000,0.2351510000000000,0.3202370000000000,0.0065414229999960,0.9691580000000000,0.1674213318152690,0.7840450000000000,315.0000000000000000,no
0.2026130637085210,0.0344312641338106,0.3303680000000000,0.7594490000000000,0.8338590000000000,0.1844625170850580,0.7820980000000000,0.0443200034299352,0.5135210000000000,316.0000000000000000,no
0.0557338877171515,0.0601789463334509,0.1340630000000000,0.3447690000000000,0.4692040000000000,0.0033548842224244,0.9926880000000000,0.1597921078142970,0.6888900000000000,317.0000000000000000,no
0.0384140892917518,0.1385046934372840,0.1593120000000000,0.4748620000000000,0.7688580000000000,0.0498863668247243,0.8334580000000000,0.1589298602063200,0.6411920000000000,318.0000000000000000,no
0.0491509152968073,0.2827699087917360,0.1204520000000000,0.3937860000000000,0.7098500000000000,0.0443429918192130,0.8665470000000000,0.1908401673998940,0.7063490000000000,319.0000000000000000,no
0.0906481943617072,0.0512674883314729,0.1192500000000000,0.5019500000000000,0.8083180000000000,0.0545699775940229,0.8359940000000000,0.1147027508556970,0.5794070000000000,320.0000000000000000,no
0.0589509104667450,0.3364757867218810,0.0506310000000000,0.2290040000000000,0.3890230000000000,0.0159306897754191,0.9537430000000000,0.1425423918558090,0.6447570000000000,321.0000000000000000,no
0.0542244932459628,0.8647977744489620,0.1041120000000000,0.2666630000000000,0.4134680000000000,0.0000000000000000,0.9970760000000000,0.0960834427022173,0.7727440000000000,322.0000000000000000,no
0.0343507993753119,0.0770001330241005,0.0731730000000000,0.2884610000000000,0.4591570000000000,0.0071316341132003,0.9836210000000000,0.1577841665614660,0.6589390000000000,323.0000000000000000,no
0.0454488737904719,0.3571523588643210,0.0871570000000000,0.2979940000000000,0.4524520000000000,0.0142382168209165,0.9693480000000000,0.0695157360188455,0.5116500000000000,324.0000000000000000,no
0.0577705639902754,0.1291097217482830,0.0562860000000000,0.2446920000000000,0.3547510000000000,0.0053008774004257,0.9910840000000000,0.0868011804693771,0.5143690000000000,325.0000000000000000,no
0.2115366038221890,0.4918722274596440,0.3252840000000000,0.4363910000000000,0.5384610000000000,0.0358645941471900,0.9491930000000000,0.1281414276629040,0.8016540000000000,326.0000000000000000,no
0.0358883692099628,0.4918722274596440,0.3010620000000000,0.5632300000000000,0.8755010000000000,0.0099955107881373,0.9556660000000000,0.1251354705323300,0.7505580000000000,327.0000000000000000,no
0.2458169647888450,0.4918722274596440,1.0000000000000000,0.2735560000000000,0.6642660000000000,0.2197960214359860,0.5760350000000000,0.1463581948060300,0.2936310000000000,328.0000000000000000,no
0.0396628616509152,0.0863719700869283,0.1434680000000000,0.4442440000000000,0.7143420000000000,0.0488011399391551,0.8803370000000000,0.0856149945335407,0.4907790000000000,329.0000000000000000,no
0.0286835262674888,0.2027495503207030,0.1684790000000000,0.3987530000000000,0.4523030000000000,0.0101528336145771,0.9701240000000000,0.2385162671824270,0.7109280000000000,330.0000000000000000,no
0.1577840479142180,0.0460032041457250,0.1902650000000000,0.4941230000000000,0.7956610000000000,0.0394499513000677,0.8684410000000000,0.0858198378879220,0.6404090000000000,331.0000000000000000,no
0.1281184089774750,0.5993568573923800,0.2663070000000000,0.5492610000000000,0.8354330000000000,0.0432447382027921,0.8881980000000000,0.0906336567158846,0.6517680000000000,332.0000000000000000,no
0.0467992787106953,0.4855796091404900,0.1283130000000000,0.3564030000000000,0.4644460000000000,0.0054962783632013,0.9850750000000000,0.2525361274602040,0.7884100000000000,333.0000000000000000,no
0.1701530324741180,0.0863569325799156,0.5197720000000000,0.8442960000000000,0.9156370000000000,0.1642249896788200,0.7905400000000000,0.0509250106590001,0.5609350000000000,334.0000000000000000,no
0.0101169680088873,0.4918722274596440,0.2474720000000000,0.4876630000000000,0.5148270000000000,0.0197856000513052,0.9346280000000000,0.2823503631205740,0.7166510000000000,335.0000000000000000,no
0.1039570285456680,0.4918722274596440,0.1822200000000000,0.2733540000000000,0.2990640000000000,0.0018147238132648,0.9851300000000000,0.1072712245106980,0.6970860000000000,336.0000000000000000,no
0.2385728775901200,0.1618162995008700,0.3228540000000000,0.6722880000000000,0.8606320000000000,0.2204934525646620,0.7451620000000000,0.0394633104115207,0.5024250000000000,337.0000000000000000,no
0.0174023119898246,0.8576480182300850,0.1830250000000000,0.3089720000000000,0.3097160000000000,0.0076597177408041,0.9576760000000000,0.0959333830356355,0.6279810000000000,338.0000000000000000,no
0.0299172046819404,0.4918722274596440,0.0867360000000000,0.3038240000000000,0.4340790000000000,0.0148274258779014,0.9575410000000000,0.3578780134005660,0.8578100000000000,339.0000000000000000,no
0.0625835198274057,0.2643605300142850,0.1929910000000000,0.3226320000000000,0.3306800000000000,0.0103301975654042,0.9588030000000000,0.0967313193579351,0.6642350000000000,340.0000000000000000,no
0.1715104812352070,0.4918722274596440,0.3562670000000000,0.5150910000000000,0.5556320000000000,0.0571372456280287,0.8810870000000000,0.0087939728415822,0.1242290000000000,5.0000000000000000,yes
0.1978957028545660,0.4918722274596440,0.1080360000000000,0.4770780000000000,0.9134560000000000,0.0966924128311294,0.8757930000000000,0.0062381947107540,0.0830800000000000,29.0000000000000000,yes
0.2834512002704830,0.4918722274596440,0.1202670000000000,0.5760200000000000,0.9415360000000000,0.0921470858201028,0.8506890000000000,0.1684741313808100,0.3137650000000000,27.0000000000000000,yes
0.2546439036563570,0.6371160375012290,0.0623080000000000,0.3432910000000000,0.6500350000000000,0.0887571296300007,0.8027930000000000,0.0000000000000000,0.0927470000000000,20.0000000000000000,yes
0.1562193089790850,0.4918722274596440,0.2833010000000000,0.3279880000000000,0.3079590000000000,0.1144538593193230,0.0127060000000000,0.0865486991256047,0.0965120000000000,22.0000000000000000,yes
0.1064495419490910,0.4918722274596440,0.4243640000000000,0.6812090000000000,0.7486230000000000,0.0650574979858670,0.8657250000000000,0.0430171044200908,0.1818690000000000,1.0000000000000000,yes
